,0,doublet
0,AAAGAACAGAGTGTTA-1,0.022588741484403006
1,AAAGAACTCAGTCACA-1,0.026467203682393557
2,AAAGGGCGTGTTGACT-1,0.11320754716981134
3,AAAGGGCGTTGCCGAC-1,0.042212518195050945
4,AAAGGTAAGTCCTGTA-1,0.12693498452012378
5,AAAGTGAAGATCCTAC-1,0.07584269662921346
6,AAAGTGACAGGTTCCG-1,0.05369127516778523
7,AAATGGACACCATTCC-1,0.08327081770442608
8,AAATGGATCCGGGACT-1,0.09178743961352659
9,AACAAGACAGGCTACC-1,0.18965517241379312
10,AACAAGATCTTTACAC-1,0.06930693069306929
11,AACACACAGAAATTGC-1,0.014796547472256472
12,AACAGGGGTCGAGTGA-1,0.09178743961352659
13,AACCACATCATTTGCT-1,0.02446256486286138
14,AACCCAAAGGTCGTCC-1,0.04568527918781725
15,AACCTGACACGTAACT-1,0.1016507384882711
16,AACCTTTTCATGCAGT-1,0.02446256486286138
17,AACGAAACATCTGCGG-1,0.2231404958677686
18,AACGAAAGTAGACAGC-1,0.02446256486286138
19,AACGGGAAGGTTCCGC-1,0.12693498452012378
20,AACGGGATCGTAGCTA-1,0.042212518195050945
21,AACGTCACAGAACATA-1,0.06930693069306929
22,AACGTCATCTGCTTAT-1,0.022588741484403006
23,AACTTCTAGGTAGATT-1,0.05833824395992931
24,AAGAACACACGGATCC-1,0.18965517241379312
25,AAGAACACATCAGTGT-1,0.06930693069306929
26,AAGACTCGTATGCAAA-1,0.18965517241379312
27,AAGCGTTTCATTTCGT-1,0.028616852146263912
28,AAGCGTTTCGTGGCTG-1,0.06351183063511832
29,AAGGTAACAACCCGCA-1,0.014796547472256472
30,AAGGTAACAGCATACT-1,0.05369127516778523
31,AAGTCGTCAGGTGTTT-1,0.07584269662921346
32,AAGTGAAAGCCAGAGT-1,0.18965517241379312
33,AAGTGAAGTCGCGTCA-1,0.12693498452012378
34,AAGTGAAGTTGTATGC-1,0.030927835051546393
35,AAGTTCGAGCGAGGAG-1,0.049494411921234695
36,AAGTTCGCACGGCTAC-1,0.09178743961352659
37,AATCACGCAGTAGTTC-1,0.14350797266514798
38,AATCGACGTTAGGCTT-1,0.01763553233180927
39,AATGAAGAGCTAGATA-1,0.02446256486286138
40,AATGAAGCATGATCTG-1,0.020833333333333336
41,AATGCCACAAGCTCTA-1,0.05369127516778523
42,AATGGAAAGGGAGGGT-1,0.12693498452012378
43,AATGGCTAGATCCTAC-1,0.11320754716981134
44,AATGGCTAGCACTAAA-1,0.16391359593392632
45,AATTCCTCAACCGCTG-1,0.07584269662921346
46,AATTCCTCATCGCTAA-1,0.14350797266514798
47,AATTCCTGTCCGACGT-1,0.09178743961352659
48,AATTCCTTCGACGACC-1,0.09178743961352659
49,ACAACCAAGCGACTTT-1,0.18965517241379312
50,ACACAGTAGAGCTGCA-1,0.028616852146263912
51,ACACGCGAGGCTTTCA-1,0.11320754716981134
52,ACACGCGTCTCAGAAC-1,0.06351183063511832
53,ACACTGAAGCTGTTAC-1,0.09178743961352659
54,ACAGAAAAGAGCCGTA-1,0.02446256486286138
55,ACAGAAATCCATCTCG-1,0.12693498452012378
56,ACAGCCGTCCACCCTA-1,0.026467203682393557
57,ACAGGGATCGGAGATG-1,0.11320754716981134
58,ACATCCCGTGAGTTGG-1,0.16391359593392632
59,ACATCGAGTGGGCTTC-1,0.09178743961352659
60,ACCAAACCAGCTGTGC-1,0.14350797266514798
61,ACCAAACTCACAATGC-1,0.06930693069306929
62,ACCAAACTCACATACG-1,0.08327081770442608
63,ACCAAACTCCCATACC-1,0.03903345724907065
64,ACCAAACTCGACATAC-1,0.08327081770442608
65,ACCAACATCTCTTAAC-1,0.02446256486286138
66,ACCCAAAAGGAAGAAC-1,0.12693498452012378
67,ACCCAAAAGGACTATA-1,0.016175071360608948
68,ACCCAAACAAGCTGTT-1,0.03903345724907065
69,ACCCAAATCTACGGTA-1,0.03903345724907065
70,ACCCAAATCTATGTGG-1,0.1016507384882711
71,ACCCTCACAAGTATCC-1,0.04568527918781725
72,ACCGTTCTCATTCCTA-1,0.05833824395992931
73,ACCTACCAGAAGGCTC-1,0.049494411921234695
74,ACCTGAACACCAACAT-1,0.03903345724907065
75,ACCTGTCCACAGCATT-1,0.030927835051546393
76,ACCTGTCTCGCCAGTG-1,0.06930693069306929
77,ACGATCATCGGAGCAA-1,0.14350797266514798
78,ACGATCATCTTCCAGC-1,0.12693498452012378
79,ACGGAAGAGCGATGGT-1,0.14350797266514798
80,ACGGAAGGTGGGTTGA-1,0.049494411921234695
81,ACGGTCGCACAGTATC-1,0.020833333333333336
82,ACGGTCGGTACTGGGA-1,0.042212518195050945
83,ACGGTCGTCTGGCTGG-1,0.05369127516778523
84,ACGTAACAGGTCGTCC-1,0.02446256486286138
85,ACGTACAAGAATCGTA-1,0.033419023136246784
86,ACGTACACAGGAGACT-1,0.07584269662921346
87,ACGTACAGTACGTACT-1,0.11320754716981134
88,ACGTAGTAGGGCAGAG-1,0.01763553233180927
89,ACGTAGTGTATCTCTT-1,0.033419023136246784
90,ACTATGGGTCGGCTAC-1,0.06351183063511832
91,ACTATTCCATCTTAGG-1,0.14350797266514798
92,ACTATTCTCAGCACCG-1,0.07584269662921346
93,ACTGATGTCACAGTGT-1,0.1016507384882711
94,ACTGCAAAGTCATCCA-1,0.12693498452012378
95,ACTGCAAGTCTCAAGT-1,0.06351183063511832
96,ACTGTGAGTGGTTCTA-1,0.06930693069306929
97,ACTTCGCAGGGAGTGG-1,0.16391359593392632
98,ACTTCGCCAAATGGCG-1,0.028616852146263912
99,ACTTCGCGTGCGTTTA-1,0.1016507384882711
100,ACTTTCATCAGGGTAG-1,0.05833824395992931
101,ACTTTCATCTGCGAGC-1,0.030927835051546393
102,ACTTTGTTCCGTGACG-1,0.042212518195050945
103,AGAAATGAGTGCTAGG-1,0.030927835051546393
104,AGAACAAAGGCCACCT-1,0.06351183063511832
105,AGAACAAGTGGAATGC-1,0.02446256486286138
106,AGAACCTCAACGATTC-1,0.013493253373313342
107,AGACAAATCCGTCAAA-1,0.07584269662921346
108,AGACACTGTTTACCAG-1,0.01763553233180927
109,AGACAGGAGTCTCGTA-1,0.01763553233180927
110,AGACCATAGCGCAATG-1,0.07584269662921346
111,AGACCATCACTGCTTC-1,0.030927835051546393
112,AGACCATTCGAGATGG-1,0.04568527918781725
113,AGACCCGCAAAGGAGA-1,0.1016507384882711
114,AGACCCGGTAGGTACG-1,0.028616852146263912
115,AGACCCGGTCACATTG-1,0.11320754716981134
116,AGACCCGGTCTATGAC-1,0.18965517241379312
117,AGAGAGCAGGGAACAA-1,0.028616852146263912
118,AGAGCCCTCAAGTCGT-1,0.02446256486286138
119,AGATAGAAGCTGAGCA-1,0.14350797266514798
120,AGATCGTGTGATAGAT-1,0.16391359593392632
121,AGATGAAGTATCGAGG-1,0.033419023136246784
122,AGATGCTAGTAGAGTT-1,0.11320754716981134
123,AGCATCAAGCGCAATG-1,0.09178743961352659
124,AGCATCATCTTACCGC-1,0.020833333333333336
125,AGCCAATTCTCCAAGA-1,0.049494411921234695
126,AGCCACGCATGACCCG-1,0.06351183063511832
127,AGCCAGCCAGGTAGTG-1,0.2231404958677686
128,AGCCAGCTCTCATGGA-1,0.01763553233180927
129,AGCGCCAGTCGATGCC-1,0.12693498452012378
130,AGCGCTGAGGGAGGAC-1,0.09178743961352659
131,AGCGCTGGTAGAGGAA-1,0.05833824395992931
132,AGCGCTGTCAGTCCGG-1,0.03903345724907065
133,AGCGTATAGTCAGCCC-1,0.028616852146263912
134,AGCTACACAGCCCACA-1,0.042212518195050945
135,AGCTCAAAGCCGTTGC-1,0.05369127516778523
136,AGCTCAAGTGACAGCA-1,0.033419023136246784
137,AGGAAATAGCGTTAGG-1,0.020833333333333336
138,AGGAATAAGCTGTACT-1,0.09178743961352659
139,AGGAATACAGGAACCA-1,0.02446256486286138
140,AGGAATAGTATCGAGG-1,0.06930693069306929
141,AGGAATAGTCGCCTAG-1,0.09178743961352659
142,AGGAATATCAATCAGC-1,0.026467203682393557
143,AGGATCTAGAAGCTCG-1,0.07584269662921346
144,AGGCTGCGTCAAAGTA-1,0.14350797266514798
145,AGGGAGTTCACTGTCC-1,0.05369127516778523
146,AGGGCCTGTATCAAGA-1,0.14350797266514798
147,AGGGCTCTCGATCCAA-1,0.14350797266514798
148,AGGGTGAAGTTACGTC-1,0.12693498452012378
149,AGGGTGACATGCTGCG-1,0.2231404958677686
150,AGGGTGATCGCTTGAA-1,0.08327081770442608
151,AGGGTGATCTCGACGG-1,0.16391359593392632
152,AGGGTTTCAATTCACG-1,0.09178743961352659
153,AGGTAGGAGCGGGTAT-1,0.09178743961352659
154,AGGTAGGTCCGCTGTT-1,0.12693498452012378
155,AGGTCATTCGGTCAGC-1,0.026467203682393557
156,AGGTCTACAACTGTGT-1,0.036112349531876954
157,AGGTCTAGTCGTTGCG-1,0.05833824395992931
158,AGGTCTATCAGTAGGG-1,0.11320754716981134
159,AGGTCTATCCACACCT-1,0.05369127516778523
160,AGGTGTTCAGCTACAT-1,0.16391359593392632
161,AGGTGTTTCCACGAAT-1,0.02446256486286138
162,AGGTGTTTCGACCACG-1,0.11320754716981134
163,AGGTTACAGTTGCGAG-1,0.02446256486286138
164,AGGTTACCAGACCGCT-1,0.033419023136246784
165,AGTAACCAGTTCATCG-1,0.09178743961352659
166,AGTAACCCAGGTTCGC-1,0.06930693069306929
167,AGTACCAGTCCAAGAG-1,0.03903345724907065
168,AGTACTGTCAGGAAGC-1,0.033419023136246784
169,AGTCAACGTCATGACT-1,0.020833333333333336
170,AGTCAACGTGATTGGG-1,0.04568527918781725
171,AGTCATGAGAGCATTA-1,0.18965517241379312
172,AGTCATGGTAACGCGA-1,0.14350797266514798
173,AGTCTCCTCAGAGCGA-1,0.08327081770442608
174,AGTGATCCACGTACTA-1,0.1016507384882711
175,AGTGATCTCGCTAATG-1,0.049494411921234695
176,AGTGTTGAGACGCAGT-1,0.022588741484403006
177,AGTGTTGAGCGAGAAA-1,0.042212518195050945
178,AGTGTTGTCTAGAGCT-1,0.12693498452012378
179,AGTTCCCCACATACTG-1,0.12693498452012378
180,AGTTCGAAGAAATTGC-1,0.026467203682393557
181,AGTTCGAAGGGTTTCT-1,0.033419023136246784
182,AGTTCGAAGTCGGGAT-1,0.1016507384882711
183,AGTTCGAGTCTACGAT-1,0.022588741484403006
184,ATACCGACATCCCGTT-1,0.036112349531876954
185,ATACTTCCAAGGACAC-1,0.020833333333333336
186,ATAGGCTGTATAGGGC-1,0.12693498452012378
187,ATAGGCTGTTCTCAGA-1,0.030927835051546393
188,ATCACAGGTGCGTGCT-1,0.12693498452012378
189,ATCACAGTCCGATAAC-1,0.036112349531876954
190,ATCACGAGTTCTTAGG-1,0.05833824395992931
191,ATCACTTCACAGGATG-1,0.05833824395992931
192,ATCATTCAGCGTACAG-1,0.028616852146263912
193,ATCATTCCACAGAAGC-1,0.049494411921234695
194,ATCATTCCATCGTCCT-1,0.026467203682393557
195,ATCATTCTCCGATCGG-1,0.06351183063511832
196,ATCCCTGAGAGTAACT-1,0.12693498452012378
197,ATCCGTCAGTCATGGG-1,0.033419023136246784
198,ATCCTATCAAGGCAAC-1,0.05369127516778523
199,ATCGGATCAAGCTACT-1,0.1016507384882711
200,ATCGGATTCAGGCGAA-1,0.04568527918781725
201,ATCGGCGGTTGTCCCT-1,0.12693498452012378
202,ATCGTAGGTGTTCCTC-1,0.030927835051546393
203,ATCGTCCTCATTGCTT-1,0.020833333333333336
204,ATCGTGAAGGATGGCT-1,0.05833824395992931
205,ATCTTCAGTAACAGTA-1,0.11320754716981134
206,ATCTTCAGTTATGTGC-1,0.049494411921234695
207,ATGAAAGGTCCTCAGG-1,0.036112349531876954
208,ATGAGGGGTCGGATTT-1,0.028616852146263912
209,ATGATCGAGTTTGAGA-1,0.14350797266514798
210,ATGATCGCACATTCGA-1,0.01918545944126557
211,ATGCATGTCAAGAGCA-1,0.07584269662921346
212,ATGCATGTCAAGAGTA-1,0.1016507384882711
213,ATGCATGTCATCTGTT-1,0.011088996303667898
214,ATGCCTCAGCTAATCC-1,0.028616852146263912
215,ATGCCTCAGGTTAAAC-1,0.01918545944126557
216,ATGCCTCCAGCACACC-1,0.12693498452012378
217,ATGCGATCAACTCCAA-1,0.028616852146263912
218,ATGGATCCATAGAATG-1,0.1016507384882711
219,ATGGATCTCAAACGAA-1,0.11320754716981134
220,ATGGATCTCACTCTTA-1,0.14350797266514798
221,ATGGGAGAGGTCTGGA-1,0.14350797266514798
222,ATGGGAGAGTACGTCT-1,0.020833333333333336
223,ATGGGAGAGTTCCTGA-1,0.0089213300892133
224,ATGGGAGTCAAGCTGT-1,0.028616852146263912
225,ATGGGTTAGTTGCGAG-1,0.05833824395992931
226,ATGGGTTGTAGACAAT-1,0.1016507384882711
227,ATGGGTTGTGGACAGT-1,0.09178743961352659
228,ATGGTTGTCTGTCGTC-1,0.2231404958677686
229,ATGTCCCCATACCATG-1,0.08327081770442608
230,ATTATCCAGCTTCGTA-1,0.022588741484403006
231,ATTCACTAGGACGCTA-1,0.022588741484403006
232,ATTCACTCAGCGGTCT-1,0.049494411921234695
233,ATTCATCCAATACGCT-1,0.036112349531876954
234,ATTCATCCAGCTATAC-1,0.16391359593392632
235,ATTCCATCAACAGCCC-1,0.14350797266514798
236,ATTCGTTAGGGCTGAT-1,0.03903345724907065
237,ATTCGTTTCCCGTTGT-1,0.028616852146263912
238,ATTCTTGAGGCACAAC-1,0.08327081770442608
239,ATTGGGTAGAGGCCAT-1,0.028616852146263912
240,ATTGGGTAGGTGCTTT-1,0.2231404958677686
241,ATTTACCCATGCGGTC-1,0.049494411921234695
242,ATTTCACGTCACTAGT-1,0.09178743961352659
243,ATTTCACTCGATGCAT-1,0.026467203682393557
244,CAAAGAATCATGAGGG-1,0.02446256486286138
245,CAACCAATCCTCAGAA-1,0.16391359593392632
246,CAACCTCGTTTCGGCG-1,0.026467203682393557
247,CAACCTCTCCTAAACG-1,0.04568527918781725
248,CAACGATGTTTGTGGT-1,0.028616852146263912
249,CAACGGCGTTCCGCAG-1,0.01918545944126557
250,CAAGAGGAGGTTTACC-1,0.09178743961352659
251,CAAGAGGCAGTCTACA-1,0.06930693069306929
252,CAAGAGGTCATTCGGA-1,0.14350797266514798
253,CAAGCTATCGATACTG-1,0.028616852146263912
254,CAATGACAGGATTTAG-1,0.03903345724907065
255,CAATTTCAGAGGCGTT-1,0.022588741484403006
256,CAATTTCCAGGCGATA-1,0.022588741484403006
257,CAATTTCGTACTAGCT-1,0.02446256486286138
258,CACAACATCCGTGTCT-1,0.049494411921234695
259,CACACAAAGCCTGAGA-1,0.14350797266514798
260,CACACAACACTAGAGG-1,0.05833824395992931
261,CACAGATAGTTGAATG-1,0.036112349531876954
262,CACATGAAGTATGCAA-1,0.14350797266514798
263,CACCAAATCGGCCAAC-1,0.03903345724907065
264,CACCGTTAGCTCCATA-1,0.3333333333333328
265,CACCGTTAGGCAATGC-1,0.02446256486286138
266,CACCGTTCAAACTAGA-1,0.07584269662921346
267,CACCGTTCACGGCGTT-1,0.02446256486286138
268,CACCGTTGTGATGAAT-1,0.16391359593392632
269,CACGAATGTGTGTGGA-1,0.16391359593392632
270,CACGTTCAGTCAGGGT-1,0.02446256486286138
271,CACTGGGTCAAGAGGC-1,0.09178743961352659
272,CACTGTCGTATCGATC-1,0.18965517241379312
273,CACTTCGAGGCTGGAT-1,0.02446256486286138
274,CAGATCACACCAACAT-1,0.6099585062240661
275,CAGATTGTCGTTCGCT-1,0.12693498452012378
276,CAGCAGCCAACTTGCA-1,0.05833824395992931
277,CAGCAGCCAGCCTACG-1,0.05369127516778523
278,CAGCCAGGTTACCGTA-1,0.07584269662921346
279,CAGCCAGGTTCTATCT-1,0.022588741484403006
280,CAGGCCAAGCGCCCAT-1,0.036112349531876954
281,CAGGCCAGTCCGGATC-1,0.05369127516778523
282,CAGGTATAGCTATCTG-1,0.028616852146263912
283,CAGGTATAGTTGCTCA-1,0.020833333333333336
284,CAGTGCGGTCTGTGTA-1,0.14350797266514798
285,CAGTTAGGTCCGGTGT-1,0.11320754716981134
286,CAGTTCCCACCTTCCA-1,0.049494411921234695
287,CATAAGCAGTCTGGTT-1,0.1016507384882711
288,CATAAGCTCACTGGGC-1,0.08327081770442608
289,CATAAGCTCTAGTCAG-1,0.04568527918781725
290,CATACAGAGCGTACAG-1,0.12693498452012378
291,CATACAGGTAACTTCG-1,0.05369127516778523
292,CATCAAGGTACAGTCT-1,0.033419023136246784
293,CATCCACCACAGCCTG-1,0.042212518195050945
294,CATCCACTCAGGACAG-1,0.022588741484403006
295,CATCCACTCTACTATC-1,0.11320754716981134
296,CATCCCACACTAGAGG-1,0.026467203682393557
297,CATCCGTGTGTGAATA-1,0.07584269662921346
298,CATCCGTTCTCCGAGG-1,0.14350797266514798
299,CATCCGTTCTCGGGAC-1,0.09178743961352659
300,CATCGCTCATAAGATG-1,0.042212518195050945
301,CATCGGGTCGCATTGA-1,0.11320754716981134
302,CATCGGGTCGTCCTCA-1,0.026467203682393557
303,CATCGTCTCAAGGAGC-1,0.04568527918781725
304,CATGCAACAAAGGCAC-1,0.036112349531876954
305,CATGCAATCGCAGATT-1,0.1016507384882711
306,CATGCAATCGTGGAAG-1,0.05369127516778523
307,CATGCGGAGGAACGTC-1,0.030927835051546393
308,CATGCGGGTCACAGTT-1,0.11320754716981134
309,CATGGTATCGTTCCCA-1,0.022588741484403006
310,CATTCATTCCATTCGC-1,0.1016507384882711
311,CATTGTTAGTACAGCG-1,0.028616852146263912
312,CATTGTTGTAGCGAGT-1,0.05833824395992931
313,CCAAGCGCAGCGACAA-1,0.16391359593392632
314,CCAAGCGGTTTCGACA-1,0.01763553233180927
315,CCAATGAGTGCATGAG-1,0.12693498452012378
316,CCAATTTGTTGCTCCT-1,0.026467203682393557
317,CCACACTGTCCACAGC-1,0.026467203682393557
318,CCACGAGGTATCTTCT-1,0.07584269662921346
319,CCACGTTCAAGAATGT-1,0.12693498452012378
320,CCATAAGCATGCGTGC-1,0.036112349531876954
321,CCATAAGGTATGATCC-1,0.12693498452012378
322,CCCGAAGGTAGGCTCC-1,0.07584269662921346
323,CCCGAAGGTTACCTTT-1,0.020833333333333336
324,CCCTAACCACAAACGG-1,0.11320754716981134
325,CCCTAACTCAGAGCAG-1,0.14350797266514798
326,CCCTGATTCCCAGTGG-1,0.06351183063511832
327,CCCTTAGAGGGTCTTT-1,0.12693498452012378
328,CCCTTAGAGTCGGCAA-1,0.049494411921234695
329,CCGAACGCACAGCGCT-1,0.02446256486286138
330,CCGATCTGTTCCGTTC-1,0.022588741484403006
331,CCGATCTGTTGTGGAG-1,0.11320754716981134
332,CCGATGGGTGCCAAGA-1,0.06351183063511832
333,CCGGACAAGTTACGGG-1,0.11320754716981134
334,CCGGTAGTCACTTATC-1,0.026467203682393557
335,CCGGTAGTCAGTGTGT-1,0.08327081770442608
336,CCGGTGACACCAAATC-1,0.03903345724907065
337,CCGTGAGAGGCTTAGG-1,0.11320754716981134
338,CCTAACCCAATTGGTC-1,0.049494411921234695
339,CCTAACCTCACACCCT-1,0.042212518195050945
340,CCTAAGACAGATCACT-1,0.18965517241379312
341,CCTAAGAGTGAGCCAA-1,0.09178743961352659
342,CCTACGTGTTGTCCCT-1,0.033419023136246784
343,CCTCAACAGGATTTAG-1,0.12693498452012378
344,CCTCAACCAAGTCCCG-1,0.036112349531876954
345,CCTCACAGTCGGTACC-1,0.07584269662921346
346,CCTCACATCCAAAGGG-1,0.08327081770442608
347,CCTCAGTAGCCTTTCC-1,0.07584269662921346
348,CCTCATGAGAGGATCC-1,0.033419023136246784
349,CCTCCAAAGTGATGGC-1,0.028616852146263912
350,CCTCCTCCACATTCGA-1,0.042212518195050945
351,CCTCCTCCATGTGGCC-1,0.020833333333333336
352,CCTCTAGAGCGACTGA-1,0.12693498452012378
353,CCTCTAGAGTGGAAAG-1,0.08327081770442608
354,CCTCTCCCATTGCAAC-1,0.02446256486286138
355,CCTCTCCGTAAGATAC-1,0.022588741484403006
356,CCTCTCCTCGATTGAC-1,0.049494411921234695
357,CCTGCATCACGCTATA-1,0.042212518195050945
358,CCTGCATGTGTTAACC-1,0.049494411921234695
359,CCTGTTGGTACTCGTA-1,0.01918545944126557
360,CGAAGGACATCATGAC-1,0.14350797266514798
361,CGAAGTTTCCGATCTC-1,0.020833333333333336
362,CGAATTGCATTAAAGG-1,0.07584269662921346
363,CGAGAAGAGGATTCAA-1,0.022588741484403006
364,CGAGAAGCATTACTCT-1,0.07584269662921346
365,CGAGTGCAGGTTCCGC-1,0.022588741484403006
366,CGAGTTATCCCGTTCA-1,0.022588741484403006
367,CGATGCGGTCTGTCAA-1,0.042212518195050945
368,CGATGCGGTGAGTGAC-1,0.11320754716981134
369,CGATGCGTCTGTGCGG-1,0.022588741484403006
370,CGATGGCAGACCTTTG-1,0.036112349531876954
371,CGATGGCAGGCCTTGC-1,0.07584269662921346
372,CGATGGCGTGGAACAC-1,0.028616852146263912
373,CGCATAATCAGCTAGT-1,0.16391359593392632
374,CGCATGGGTCTAGTGT-1,0.03903345724907065
375,CGCATGGTCCTCTCGA-1,0.04568527918781725
376,CGCCAGACATCCGAGC-1,0.1016507384882711
377,CGCCATTCAAGACTGG-1,0.042212518195050945
378,CGCGTGAGTCATGCAT-1,0.01918545944126557
379,CGGAACCCAAGCCTGC-1,0.1016507384882711
380,CGGAACCCAGCTGAAG-1,0.09178743961352659
381,CGGAATTGTATACCCA-1,0.030927835051546393
382,CGGAATTTCCGCGGAT-1,0.049494411921234695
383,CGGACACGTGAATAAC-1,0.1016507384882711
384,CGGGCATGTAGCGCCT-1,0.04568527918781725
385,CGGGCATGTCGTGCCA-1,0.12693498452012378
386,CGGGCATTCTGTAAGC-1,0.04568527918781725
387,CGGGTCAAGTTGCCCG-1,0.03903345724907065
388,CGGGTGTCACCTGATA-1,0.036112349531876954
389,CGGGTGTGTTCGGGTC-1,0.036112349531876954
390,CGGTCAGCAGGCATTT-1,0.11320754716981134
391,CGTAAGTAGCGAATGC-1,0.01918545944126557
392,CGTAAGTTCAGGAAAT-1,0.02446256486286138
393,CGTAAGTTCGACTCCT-1,0.02446256486286138
394,CGTAATGAGCTGAGTG-1,0.01918545944126557
395,CGTAATGGTTGGACTT-1,0.04568527918781725
396,CGTAGTAGTACGATGG-1,0.036112349531876954
397,CGTAGTATCAGGCGAA-1,0.26848249027237353
398,CGTGATAAGCCTCTCT-1,0.12693498452012378
399,CGTGCTTAGAGGACTC-1,0.030927835051546393
400,CGTGTCTAGTATAACG-1,0.16391359593392632
401,CGTGTCTTCCCTGGTT-1,0.020833333333333336
402,CGTTAGACAGCAGAAC-1,0.022588741484403006
403,CGTTCTGTCCGATAAC-1,0.03903345724907065
404,CGTTGGGGTAGAGCTG-1,0.020833333333333336
405,CTAACTTGTTGGCCGT-1,0.030927835051546393
406,CTAACTTTCATTCACT-1,0.022588741484403006
407,CTAAGTGAGAATTGCA-1,0.01918545944126557
408,CTACAGACAGGTCCCA-1,0.09178743961352659
409,CTACAGACATGGAACG-1,0.042212518195050945
410,CTACATTTCTAAGGAA-1,0.09178743961352659
411,CTACCCACATGACTTG-1,0.01763553233180927
412,CTACCCATCACTGCTC-1,0.12693498452012378
413,CTACCTGAGTTGCATC-1,0.14350797266514798
414,CTACGGGGTTCCCACT-1,0.09178743961352659
415,CTACTATAGCACCGAA-1,0.033419023136246784
416,CTACTATAGGTCATTC-1,0.042212518195050945
417,CTACTATTCCAGCTCT-1,0.033419023136246784
418,CTAGGTAGTATGCGGA-1,0.042212518195050945
419,CTATAGGAGATGTTAG-1,0.01918545944126557
420,CTATAGGCACAAGCAG-1,0.06351183063511832
421,CTATCCGAGAGTTCGG-1,0.049494411921234695
422,CTATCCGCATAACTCG-1,0.026467203682393557
423,CTATCTACATGAAAGT-1,0.07584269662921346
424,CTATCTATCTGACCCT-1,0.1016507384882711
425,CTCAACCTCTCTCTAA-1,0.028616852146263912
426,CTCAAGAGTTCAGCTA-1,0.1016507384882711
427,CTCACTGAGCATCCCG-1,0.022588741484403006
428,CTCAGTCAGTAGTCTC-1,0.1016507384882711
429,CTCAGTCTCAATGCAC-1,0.036112349531876954
430,CTCATCGCAAGATTGA-1,0.11320754716981134
431,CTCATCGGTTGAGGAC-1,0.12693498452012378
432,CTCATGCGTGATTCAC-1,0.05369127516778523
433,CTCCAACCAACTTGGT-1,0.01918545944126557
434,CTCCAACTCCTAACAG-1,0.12693498452012378
435,CTCCACACACTGAGTT-1,0.09178743961352659
436,CTCCATGTCCGTTGAA-1,0.1016507384882711
437,CTCCCAAGTAGGATAT-1,0.02446256486286138
438,CTCCCTCAGGTACATA-1,0.08327081770442608
439,CTCCCTCCATCCGAGC-1,0.049494411921234695
440,CTCCCTCCATTCACCC-1,0.036112349531876954
441,CTCCGATTCCAAGGGA-1,0.05369127516778523
442,CTCCTTTCAGGACTAG-1,0.02446256486286138
443,CTCCTTTTCCCAAGTA-1,0.1016507384882711
444,CTCGAGGGTAGCTTGT-1,0.14350797266514798
445,CTCTCAGTCTGCACCT-1,0.11320754716981134
446,CTCTGGTAGGCACTCC-1,0.033419023136246784
447,CTGAATGAGGTTACCT-1,0.16391359593392632
448,CTGAGCGAGCGGATCA-1,0.04568527918781725
449,CTGAGCGAGCGTGTTT-1,0.11320754716981134
450,CTGAGCGGTTAAGAAC-1,0.1016507384882711
451,CTGATCCTCATTCACT-1,0.11320754716981134
452,CTGCAGGAGATTCGAA-1,0.042212518195050945
453,CTGCCTACAAGACTGG-1,0.14350797266514798
454,CTGCGAGTCAGCCCAG-1,0.03903345724907065
455,CTGCTCAGTTAGGCCC-1,0.07584269662921346
456,CTGGACGGTTGATGTC-1,0.030927835051546393
457,CTGGTCTGTGCCTAAT-1,0.06930693069306929
458,CTGTATTCAGGGTCTC-1,0.042212518195050945
459,CTGTATTGTTCTGACA-1,0.022588741484403006
460,CTGTGAAAGATCGCTT-1,0.12693498452012378
461,CTGTGAAAGTATTGCC-1,0.028616852146263912
462,CTGTGAATCATACGAC-1,0.11320754716981134
463,CTGTGGGCACGTAACT-1,0.09178743961352659
464,CTTACCGAGAGGACTC-1,0.030927835051546393
465,CTTACCGTCACCTCAC-1,0.04568527918781725
466,CTTCAATAGTAGCCAG-1,0.08327081770442608
467,CTTCCGAGTAGTCACT-1,0.05369127516778523
468,CTTCCTTGTGACATCT-1,0.022588741484403006
469,CTTCGGTTCAGCCCAG-1,0.05369127516778523
470,CTTGAGAGTATGATCC-1,0.036112349531876954
471,CTTGAGAGTGTATTGC-1,0.1016507384882711
472,CTTTCGGTCGACCTAA-1,0.12693498452012378
473,GAAATGAGTGCGAACA-1,0.11320754716981134
474,GAAATGATCTCGGTAA-1,0.12693498452012378
475,GAACACTAGCTGCCAC-1,0.05369127516778523
476,GAACACTAGGATAATC-1,0.03903345724907065
477,GAACACTTCGGCTGTG-1,0.04568527918781725
478,GAAGAATGTACGAGCA-1,0.1016507384882711
479,GAAGAATGTCGTTCAA-1,0.2231404958677686
480,GAAGCCCGTCACGCTG-1,0.12693498452012378
481,GAAGGACCACACGCCA-1,0.042212518195050945
482,GAAGGGTCAGAGGAAA-1,0.1016507384882711
483,GAAGGGTCAGGTAGTG-1,0.04568527918781725
484,GAAGGGTGTAGGTACG-1,0.1016507384882711
485,GAATAGATCATCGCAA-1,0.026467203682393557
486,GAATCACAGATTGAGT-1,0.026467203682393557
487,GAATCACAGGCGAACT-1,0.16391359593392632
488,GAATCGTAGGTAGACC-1,0.026467203682393557
489,GACATCACAATAGAGT-1,0.028616852146263912
490,GACCAATGTCGAATGG-1,0.08327081770442608
491,GACCAATTCACCGCTT-1,0.11320754716981134
492,GACCCAGAGACTCCGC-1,0.14350797266514798
493,GACCCAGCAACTGATC-1,0.1016507384882711
494,GACCCAGTCCGCTTAC-1,0.12693498452012378
495,GACCTTCGTCAACCAT-1,0.030927835051546393
496,GACGCTGAGCGTGCTC-1,0.11320754716981134
497,GACGCTGTCTCGCTCA-1,0.12693498452012378
498,GACGTTACAAGGCAAC-1,0.1016507384882711
499,GACTATGAGCGCCTAC-1,0.030927835051546393
500,GAGACTTCAGCTCATA-1,0.042212518195050945
501,GAGACTTGTCTGCATA-1,0.2231404958677686
502,GAGACTTGTCTTAGTG-1,0.014796547472256472
503,GAGACTTGTTCGAAGG-1,0.030927835051546393
504,GAGACTTTCAAACGAA-1,0.020833333333333336
505,GAGACTTTCCTGGGAC-1,0.042212518195050945
506,GAGAGGTAGCGTGAGT-1,0.03903345724907065
507,GAGCTGCCAGTAACGG-1,0.07584269662921346
508,GAGCTGCTCATGGCCG-1,0.1016507384882711
509,GAGCTGCTCTACACAG-1,0.2231404958677686
510,GAGGCAACAAGTCATC-1,0.18965517241379312
511,GAGGGATCAATGTCAC-1,0.08327081770442608
512,GAGTCATAGTGGAAGA-1,0.11320754716981134
513,GAGTCATCACCGTGCA-1,0.013493253373313342
514,GAGTCATCACTATGTG-1,0.042212518195050945
515,GAGTCTAAGTGCCGAA-1,0.11320754716981134
516,GAGTGTTCACGTAGTT-1,0.02446256486286138
517,GAGTTACGTTCCACGG-1,0.18965517241379312
518,GAGTTACTCCGTGGTG-1,0.020833333333333336
519,GAGTTGTGTTCTTGTT-1,0.020833333333333336
520,GAGTTTGAGCAGTAAT-1,0.07584269662921346
521,GAGTTTGCATGACTGT-1,0.01763553233180927
522,GATAGAATCTACTGCC-1,0.12693498452012378
523,GATAGCTGTGAATTGA-1,0.05369127516778523
524,GATCAGTGTCCCTGAG-1,0.12693498452012378
525,GATCATGTCACCTGGG-1,0.14350797266514798
526,GATCCCTGTTCGTAAC-1,0.049494411921234695
527,GATCGTACAACCGATT-1,0.09178743961352659
528,GATGAGGCATCGTGCG-1,0.01918545944126557
529,GATGAGGTCCTTTGAT-1,0.16391359593392632
530,GATGCTAAGTGCAGGT-1,0.07584269662921346
531,GATGCTAGTATTGACC-1,0.09178743961352659
532,GATGGAGGTTGACTGT-1,0.033419023136246784
533,GATGGAGGTTGTAGCT-1,0.028616852146263912
534,GATGTTGGTCACTTAG-1,0.1016507384882711
535,GATGTTGTCTTCGCTG-1,0.12693498452012378
536,GATTCGAAGGATAATC-1,0.1016507384882711
537,GATTCTTCATGGGTCC-1,0.12693498452012378
538,GATTGGTGTGTCCCTT-1,0.07584269662921346
539,GATTTCTAGTGTTCCA-1,0.18965517241379312
540,GCAACATAGGTGATAT-1,0.026467203682393557
541,GCAACATAGTGTACCT-1,0.12693498452012378
542,GCAACATCAAATCAGA-1,0.033419023136246784
543,GCAACATTCCATACTT-1,0.18965517241379312
544,GCAACCGCAGCTCGGT-1,0.026467203682393557
545,GCACATAGTACAAACA-1,0.08327081770442608
546,GCACATAGTACTAGCT-1,0.030927835051546393
547,GCACGGTCAGTAACAA-1,0.03903345724907065
548,GCACGTGTCGTTGTGA-1,0.036112349531876954
549,GCAGCCACAACGGCTC-1,0.09178743961352659
550,GCAGGCTAGCGTCAAG-1,0.11320754716981134
551,GCAGTTATCATAGACC-1,0.14350797266514798
552,GCATCTCAGCAAGTGC-1,0.1016507384882711
553,GCATCTCAGCCAGAGT-1,0.14350797266514798
554,GCATCTCGTAGGAGTC-1,0.16391359593392632
555,GCATCTCGTCAGTCTA-1,0.14350797266514798
556,GCATGATGTTTGGGTT-1,0.06351183063511832
557,GCATTAGAGCAAATCA-1,0.08327081770442608
558,GCATTAGAGCGAAACC-1,0.12693498452012378
559,GCCAACGGTCTACATG-1,0.07584269662921346
560,GCCAGCAGTCGTGATT-1,0.2231404958677686
561,GCCAGTGAGCACCCAC-1,0.049494411921234695
562,GCCAGTGGTAGCTGCC-1,0.049494411921234695
563,GCCATGGCAATTTCGG-1,0.16391359593392632
564,GCCATTCCAACGGCCT-1,0.08327081770442608
565,GCCGTGACATGAAGGC-1,0.014796547472256472
566,GCCGTGACATGACCCG-1,0.16391359593392632
567,GCCTGTTCACTGTTCC-1,0.03903345724907065
568,GCCTGTTTCCGAGGCT-1,0.020833333333333336
569,GCGAGAAAGGGTACGT-1,0.05369127516778523
570,GCGAGAAGTATGGTTC-1,0.022588741484403006
571,GCGATCGTCCTATTTG-1,0.09178743961352659
572,GCGTGCAAGAATAACC-1,0.12693498452012378
573,GCGTGCAGTGGGAGAG-1,0.020833333333333336
574,GCGTTTCAGGCTATCT-1,0.12693498452012378
575,GCTACAAGTCAAGTTC-1,0.18965517241379312
576,GCTACAATCATAGGCT-1,0.1016507384882711
577,GCTACAATCATTCGGA-1,0.04568527918781725
578,GCTACCTTCATTCATC-1,0.12693498452012378
579,GCTGAATCAAGACGAC-1,0.16391359593392632
580,GCTGAATCACTACCCT-1,0.12693498452012378
581,GCTTCACTCAGTCACA-1,0.08327081770442608
582,GCTTGGGGTAAGTCAA-1,0.042212518195050945
583,GGAACCCGTATTCCGA-1,0.05369127516778523
584,GGAAGTGGTTAGCTAC-1,0.04568527918781725
585,GGAATCTAGGAAGTAG-1,0.07584269662921346
586,GGAATCTTCCTCAGGG-1,0.03903345724907065
587,GGAATGGAGACATAGT-1,0.022588741484403006
588,GGAATGGGTTACCCTC-1,0.06351183063511832
589,GGAGAACCACACCTGG-1,0.08327081770442608
590,GGAGAACTCTTGGCTC-1,0.020833333333333336
591,GGAGATGGTGGATGAC-1,0.06351183063511832
592,GGAGCAATCTTGGTGA-1,0.01918545944126557
593,GGAGGATTCTCACCCA-1,0.05833824395992931
594,GGATCTACAATTGCGT-1,0.12693498452012378
595,GGATCTATCGCGTAGC-1,0.026467203682393557
596,GGATGTTAGCCATGCC-1,0.033419023136246784
597,GGCACGTGTAGTGGCA-1,0.07584269662921346
598,GGCAGTCGTACTAGCT-1,0.11320754716981134
599,GGCAGTCTCAATCTCT-1,0.042212518195050945
600,GGCGTCACAACGACTT-1,0.03903345724907065
601,GGCGTCACAGGAGGTT-1,0.042212518195050945
602,GGCGTCAGTTCCCACT-1,0.05369127516778523
603,GGCTTGGGTATACGGG-1,0.09178743961352659
604,GGCTTGGGTGCCGGTT-1,0.049494411921234695
605,GGCTTTCAGACCATGG-1,0.16391359593392632
606,GGCTTTCCATACAGCT-1,0.14350797266514798
607,GGCTTTCGTGCCGTTG-1,0.01918545944126557
608,GGGAAGTGTCGAGCTC-1,0.07584269662921346
609,GGGACCTCACGCGTGT-1,0.06351183063511832
610,GGGACCTGTCGAACAG-1,0.030927835051546393
611,GGGAGATTCTAACGCA-1,0.042212518195050945
612,GGGAGTAGTCTTTCAT-1,0.09178743961352659
613,GGGATGACACATAGCT-1,0.05369127516778523
614,GGGCCATAGAACTCCT-1,0.028616852146263912
615,GGGCCATGTAGGACCA-1,0.030927835051546393
616,GGGCCATTCGCCTCTA-1,0.05369127516778523
617,GGGCGTTGTAGTGCGA-1,0.04568527918781725
618,GGGCTCAGTTACCCTC-1,0.049494411921234695
619,GGGTAGAAGACGAAGA-1,0.033419023136246784
620,GGGTCTGAGAACAAGG-1,0.18965517241379312
621,GGGTCTGCAGTCGTTA-1,0.05833824395992931
622,GGGTGAATCTCGAGTA-1,0.1016507384882711
623,GGGTGTCAGCATGCGA-1,0.01918545944126557
624,GGGTGTCCAGCCTACG-1,0.036112349531876954
625,GGGTTTAGTGGACCAA-1,0.02446256486286138
626,GGTAGAGGTACTTCCC-1,0.16391359593392632
627,GGTAGAGGTATCGAGG-1,0.1016507384882711
628,GGTCACGAGGGCAGAG-1,0.08327081770442608
629,GGTCACGTCCCTCTAG-1,0.11320754716981134
630,GGTGAAGCAATTCGTG-1,0.030927835051546393
631,GGTGAAGTCGCTGTCT-1,0.026467203682393557
632,GGTGTCGAGTAAACTG-1,0.08327081770442608
633,GGTTAACGTCCAATCA-1,0.11320754716981134
634,GGTTAACTCGCCTATC-1,0.43373493975903604
635,GTAAGTCAGGTTAGTA-1,0.026467203682393557
636,GTAAGTCAGTTCTACG-1,0.06930693069306929
637,GTAATGCGTTTACCTT-1,0.028616852146263912
638,GTACAACAGAAGCCAC-1,0.1016507384882711
639,GTACAACAGTAGGAAG-1,0.028616852146263912
640,GTACAACGTGAAGCTG-1,0.16391359593392632
641,GTACAACTCGCGCCAA-1,0.05833824395992931
642,GTACAACTCGCGTAGC-1,0.036112349531876954
643,GTACAGTTCAAGCCAT-1,0.049494411921234695
644,GTAGAAATCCGCCTAT-1,0.08327081770442608
645,GTAGAGGGTATGTCAC-1,0.05369127516778523
646,GTAGATCCAGTAACCT-1,0.036112349531876954
647,GTAGATCCATTCGGGC-1,0.049494411921234695
648,GTAGCTAAGTCCCAAT-1,0.14350797266514798
649,GTAGCTACAGTCGTTA-1,0.07584269662921346
650,GTAGCTACATGGAGAC-1,0.12693498452012378
651,GTAGTACCAGGCGAAT-1,0.020833333333333336
652,GTAGTACTCCTGCCAT-1,0.022588741484403006
653,GTATTGGAGCATCAGG-1,0.18965517241379312
654,GTATTGGCAGACCAAG-1,0.042212518195050945
655,GTATTTCCAGCACGAA-1,0.01918545944126557
656,GTCAAACGTCGAATGG-1,0.11320754716981134
657,GTCAAGTGTTCCATTT-1,0.11320754716981134
658,GTCACGGAGTTACGGG-1,0.14350797266514798
659,GTCACGGGTCGCAACC-1,0.02446256486286138
660,GTCACTCGTCTTCATT-1,0.11320754716981134
661,GTCAGCGCAATCGCAT-1,0.04568527918781725
662,GTCAGCGGTCCTCCTA-1,0.03903345724907065
663,GTCATTTCACGCCACA-1,0.14350797266514798
664,GTCATTTGTCACTCAA-1,0.05833824395992931
665,GTCCACTCAAGAGAGA-1,0.12693498452012378
666,GTCCCATTCCTACCAC-1,0.11320754716981134
667,GTCCTCATCCCTTCCC-1,0.14350797266514798
668,GTCGAATGTGGGATTG-1,0.042212518195050945
669,GTCGCGATCCAAGCAT-1,0.09178743961352659
670,GTCGTAATCAAGCCGC-1,0.05833824395992931
671,GTCGTAATCGTTATCT-1,0.036112349531876954
672,GTCTGTCCACCTGCAG-1,0.04568527918781725
673,GTGACGCCACTGGCCA-1,0.07584269662921346
674,GTGAGCCCACATATCG-1,0.016175071360608948
675,GTGAGCCGTCCTGTTC-1,0.16391359593392632
676,GTGAGCCGTTCATCTT-1,0.12693498452012378
677,GTGAGGAGTCCCAAAT-1,0.042212518195050945
678,GTGAGTTCAGAGTGAC-1,0.01918545944126557
679,GTGATGTGTAGAATGT-1,0.03903345724907065
680,GTGATGTTCACTCTTA-1,0.1016507384882711
681,GTGCACGTCAAATGCC-1,0.04568527918781725
682,GTGCACGTCATCGCTC-1,0.08327081770442608
683,GTGCAGCCAGTAACCT-1,0.06351183063511832
684,GTGCGTGGTGGTCTCG-1,0.026467203682393557
685,GTGCTGGTCGGTCGAC-1,0.05369127516778523
686,GTGGAAGAGGTCCTGC-1,0.01918545944126557
687,GTGGAAGTCCAATGCA-1,0.11320754716981134
688,GTGGAAGTCCGTAGTA-1,0.11320754716981134
689,GTGGAGAAGTGCTCAT-1,0.12693498452012378
690,GTGGAGATCTATCCAT-1,0.03903345724907065
691,GTGGGAAAGCTGTTCA-1,0.01763553233180927
692,GTGGGAAGTACACTCA-1,0.09178743961352659
693,GTGGGAATCTCTATGT-1,0.026467203682393557
694,GTGGTTAAGTCGCCAC-1,0.05369127516778523
695,GTGGTTATCCTTGACC-1,0.049494411921234695
696,GTGTAACAGGTGCCTC-1,0.042212518195050945
697,GTGTCCTAGCGCACAA-1,0.11320754716981134
698,GTGTGGCGTTCGAACT-1,0.07584269662921346
699,GTGTTAGGTCACGCTG-1,0.04568527918781725
700,GTGTTCCCACAGAGAC-1,0.07584269662921346
701,GTTACAGTCCGATAGT-1,0.026467203682393557
702,GTTACCCAGTGGCAGT-1,0.04568527918781725
703,GTTACCCTCCGTAATG-1,0.033419023136246784
704,GTTACCCTCGGAATGG-1,0.1016507384882711
705,GTTACGAAGTCGGGAT-1,0.11320754716981134
706,GTTACGAGTGAATTGA-1,0.03903345724907065
707,GTTACGAGTTCGTTCC-1,0.14350797266514798
708,GTTACGATCCCTCGAT-1,0.1016507384882711
709,GTTAGTGTCGCTTAAG-1,0.036112349531876954
710,GTTCCGTTCGCCATAA-1,0.06930693069306929
711,GTTGAACAGCGCCTCA-1,0.020833333333333336
712,GTTGCGGAGTATTCCG-1,0.12693498452012378
713,GTTGCTCAGTTGCGCC-1,0.16391359593392632
714,GTTGCTCGTGACTCGC-1,0.049494411921234695
715,GTTGTCCCATATACCG-1,0.05369127516778523
716,GTTGTCCTCGGTCATA-1,0.049494411921234695
717,GTTGTGATCGCCGATG-1,0.042212518195050945
718,TAACCAGGTCTATGAC-1,0.04568527918781725
719,TAACGACGTCGGTACC-1,0.036112349531876954
720,TAAGCACGTGGAGAAA-1,0.12693498452012378
721,TAAGCCATCCTCAGGG-1,0.07584269662921346
722,TAAGTCGAGCGTCAGA-1,0.06930693069306929
723,TACAACGGTAAGGTCG-1,0.04568527918781725
724,TACAACGTCTGCATGA-1,0.042212518195050945
725,TACACCCGTTACCTGA-1,0.020833333333333336
726,TACCCACGTCCCGGTA-1,0.11320754716981134
727,TACCCGTGTATCATGC-1,0.14350797266514798
728,TACCGAAAGGATTTCC-1,0.08327081770442608
729,TACCGAATCTGAATCG-1,0.1016507384882711
730,TACCGGGTCACTCACC-1,0.1016507384882711
731,TACCTCGTCGCTAATG-1,0.11320754716981134
732,TACCTGCCATTGAAGA-1,0.036112349531876954
733,TACGGGCAGCGTTCAT-1,0.06930693069306929
734,TACGGGCCATTGGGAG-1,0.03903345724907065
735,TACGTCCCACTGTCCT-1,0.036112349531876954
736,TACGTCCGTTTCGTAG-1,0.02446256486286138
737,TACTTACAGACTCAAA-1,0.042212518195050945
738,TACTTACCATTGACCA-1,0.05833824395992931
739,TACTTACTCTCGCTTG-1,0.028616852146263912
740,TACTTCAGTACGATTC-1,0.07584269662921346
741,TAGACTGGTACCTATG-1,0.014796547472256472
742,TAGAGTCAGAGTCAGC-1,0.020833333333333336
743,TAGATCGGTATCGTGT-1,0.01763553233180927
744,TAGATCGGTGCATCTA-1,0.18965517241379312
745,TAGATCGTCTGGCCTT-1,0.028616852146263912
746,TAGGAGGTCTGAGAAA-1,0.033419023136246784
747,TAGGGTTAGACGCTCC-1,0.05833824395992931
748,TAGGGTTCAACACTAC-1,0.033419023136246784
749,TAGGTTGAGATTGAGT-1,0.12693498452012378
750,TATACCTCACAAACGG-1,0.06930693069306929
751,TATCTGTGTATTTCTC-1,0.033419023136246784
752,TATCTTGCACATGACT-1,0.042212518195050945
753,TATCTTGGTGTCATGT-1,0.11320754716981134
754,TATTTCGAGTACAGCG-1,0.18965517241379312
755,TATTTCGGTCGTCAGC-1,0.16391359593392632
756,TCACAAGGTGGGTTGA-1,0.033419023136246784
757,TCACACCCATCTTAGG-1,0.033419023136246784
758,TCACATTGTAGGCTGA-1,0.14350797266514798
759,TCACATTTCACCATCC-1,0.14350797266514798
760,TCACGCTCAATAGAGT-1,0.022588741484403006
761,TCACGCTCATTCGGGC-1,0.042212518195050945
762,TCACGCTGTCTACGTA-1,0.020833333333333336
763,TCACGCTTCAGCCCAG-1,0.07584269662921346
764,TCACGGGAGTATGACA-1,0.022588741484403006
765,TCACGGGGTTATGACC-1,0.06930693069306929
766,TCACTATGTCGCGGTT-1,0.12693498452012378
767,TCACTCGGTACGGGAT-1,0.01763553233180927
768,TCAGCCTAGTGCAGGT-1,0.12693498452012378
769,TCAGGGCTCTGGACTA-1,0.07584269662921346
770,TCAGGTATCAAGCTTG-1,0.020833333333333336
771,TCAGTCCGTACCTTCC-1,0.05833824395992931
772,TCATACTAGGGTACAC-1,0.030927835051546393
773,TCATACTCACACGGTC-1,0.042212518195050945
774,TCATACTGTACAAACA-1,0.020833333333333336
775,TCATCATAGCCATTTG-1,0.02446256486286138
776,TCATCATGTAACGATA-1,0.07584269662921346
777,TCATGAGTCCAAGAGG-1,0.033419023136246784
778,TCATGCCCACTGCGAC-1,0.11320754716981134
779,TCATGTTTCTCTGCTG-1,0.05833824395992931
780,TCATTACTCCTGTAAG-1,0.022588741484403006
781,TCATTCACACGTAACT-1,0.02446256486286138
782,TCATTCAGTTCAAACC-1,0.06930693069306929
783,TCATTTGCACAGAGAC-1,0.028616852146263912
784,TCCACCAGTAAGAACT-1,0.04568527918781725
785,TCCACGTGTGCGACAA-1,0.01918545944126557
786,TCCAGAAGTTGCATCA-1,0.022588741484403006
787,TCCATCGGTAGTGATA-1,0.08327081770442608
788,TCCATCGGTTAGAAAC-1,0.08327081770442608
789,TCCATGCTCAAGAAAC-1,0.036112349531876954
790,TCCCACAGTACCGTGC-1,0.042212518195050945
791,TCCCAGTTCCCAAGTA-1,0.028616852146263912
792,TCCCATGGTAGCGTCC-1,0.11320754716981134
793,TCCGAAACAGCACGAA-1,0.06930693069306929
794,TCCGAAAGTGGCACTC-1,0.05833824395992931
795,TCCGAAATCTACCACC-1,0.033419023136246784
796,TCCGATCTCACTTCTA-1,0.020833333333333336
797,TCCGGGAAGCAGGGAG-1,0.042212518195050945
798,TCCTAATAGGTGAGAA-1,0.042212518195050945
799,TCCTAATCAAGGACAC-1,0.1016507384882711
800,TCCTAATCAGAGTTCT-1,0.03903345724907065
801,TCCTCCCAGGTGGTTG-1,0.016175071360608948
802,TCCTCCCTCGGCCCAA-1,0.02446256486286138
803,TCCTCGAAGCAGGCAT-1,0.028616852146263912
804,TCCTCGAGTGTCCCTT-1,0.1016507384882711
805,TCCTCTTCACCTGCGA-1,0.06351183063511832
806,TCCTTCTAGATTCGCT-1,0.022588741484403006
807,TCCTTCTCAAAGGGCT-1,0.026467203682393557
808,TCCTTCTGTGGATGAC-1,0.028616852146263912
809,TCCTTCTGTTGGCCTG-1,0.033419023136246784
810,TCCTTTCCAAATCCCA-1,0.06930693069306929
811,TCCTTTCGTGAATATG-1,0.026467203682393557
812,TCGACCTTCACGGGAA-1,0.05833824395992931
813,TCGACGGGTCTTACTT-1,0.030927835051546393
814,TCGACGGTCATTTGGG-1,0.18965517241379312
815,TCGATTTAGCATAGGC-1,0.042212518195050945
816,TCGCAGGTCTGAGCAT-1,0.1016507384882711
817,TCGCTCAAGAAATGGG-1,0.0089213300892133
818,TCGCTTGTCCCTATTA-1,0.09178743961352659
819,TCGGGACCAGACGATG-1,0.06351183063511832
820,TCGGGACTCTGCCTCA-1,0.12693498452012378
821,TCGTAGACATCGAGCC-1,0.1016507384882711
822,TCGTAGAGTTATAGCC-1,0.030927835051546393
823,TCGTCCAGTCCTCCTA-1,0.1016507384882711
824,TCGTGGGCATTGCTTT-1,0.16391359593392632
825,TCTACATAGCAAATCA-1,0.028616852146263912
826,TCTACATGTAAGCTCT-1,0.1016507384882711
827,TCTACCGCACGAGAAC-1,0.033419023136246784
828,TCTACCGTCATAAGGA-1,0.16391359593392632
829,TCTATACAGACGTCCC-1,0.06930693069306929
830,TCTATACAGTACAGAT-1,0.12693498452012378
831,TCTATCATCTTAGCAG-1,0.1016507384882711
832,TCTCACGAGTTTCGAC-1,0.1016507384882711
833,TCTCACGTCAAGCCTA-1,0.1016507384882711
834,TCTCCGAGTACACGTT-1,0.030927835051546393
835,TCTCCGAGTCATACCA-1,0.02446256486286138
836,TCTCTGGAGGTCCAGA-1,0.049494411921234695
837,TCTGCCAAGAGGTATT-1,0.11320754716981134
838,TCTGCCAGTTAAACAG-1,0.14350797266514798
839,TCTTAGTTCTCATTGT-1,0.030927835051546393
840,TCTTCCTTCATGCGGC-1,0.06930693069306929
841,TCTTCCTTCCATCTGC-1,0.042212518195050945
842,TCTTGCGTCCAAGCCG-1,0.14350797266514798
843,TGAACGTAGACCGTTT-1,0.16391359593392632
844,TGAACGTAGTGATAGT-1,0.08327081770442608
845,TGAACGTCATGGGAAC-1,0.036112349531876954
846,TGAATCGGTTCATCGA-1,0.16391359593392632
847,TGAATGCAGGGTACGT-1,0.026467203682393557
848,TGACAGTAGCGCGTTC-1,0.049494411921234695
849,TGACCCTAGCTCGAAG-1,0.028616852146263912
850,TGACCCTCAGTGGCTC-1,0.06351183063511832
851,TGACTCCTCCGTGTAA-1,0.09178743961352659
852,TGAGCATCATTGTGCA-1,0.06351183063511832
853,TGAGCGCGTAGAAACT-1,0.05369127516778523
854,TGAGCGCTCCTAAACG-1,0.028616852146263912
855,TGAGGAGAGGAAGTGA-1,0.14350797266514798
856,TGAGGAGAGGCTCTAT-1,0.04568527918781725
857,TGAGGAGGTGTTTCTT-1,0.09178743961352659
858,TGAGGGAGTCTAGGCC-1,0.05833824395992931
859,TGAGGGAGTGGAAATT-1,0.026467203682393557
860,TGAGTCAGTGGATACG-1,0.18965517241379312
861,TGATCAGGTAAGGCTG-1,0.03903345724907065
862,TGATGGTAGTAGGATT-1,0.12693498452012378
863,TGATGGTAGTGCGTCC-1,0.14350797266514798
864,TGATGGTAGTTCTCTT-1,0.026467203682393557
865,TGATTCTGTGAATTGA-1,0.05833824395992931
866,TGATTTCAGTACGAGC-1,0.07584269662921346
867,TGATTTCTCAACTACG-1,0.14350797266514798
868,TGCAGGCGTCACGCTG-1,0.04568527918781725
869,TGCAGTAAGGAACGTC-1,0.026467203682393557
870,TGCATGAAGTTAGTGA-1,0.011088996303667898
871,TGCATGAGTCGCTTGG-1,0.14350797266514798
872,TGCCGAGAGTAACCTC-1,0.04568527918781725
873,TGCCGAGCATGGCGCT-1,0.09178743961352659
874,TGCCGAGTCTAAGCGT-1,0.16391359593392632
875,TGCGATAAGCCTGCCA-1,0.036112349531876954
876,TGCGGCATCACAAGGG-1,0.033419023136246784
877,TGCGGGTCACTTGGGC-1,0.036112349531876954
878,TGCGGGTGTCCGACGT-1,0.11320754716981134
879,TGCTCCATCCATAGGT-1,0.036112349531876954
880,TGCTCGTCATTGCCTC-1,0.04568527918781725
881,TGCTCGTGTGGTCTTA-1,0.09178743961352659
882,TGCTCGTGTTAAGAAC-1,0.030927835051546393
883,TGCTCGTTCATTCGGA-1,0.05369127516778523
884,TGCTGAACATCATTGG-1,0.16391359593392632
885,TGCTGAAGTTCGGCGT-1,0.18965517241379312
886,TGCTGAAGTTGTGTAC-1,0.01918545944126557
887,TGCTTCGAGAAGCCAC-1,0.14350797266514798
888,TGCTTGCCACAAGTGG-1,0.12693498452012378
889,TGCTTGCGTTAATGAG-1,0.030927835051546393
890,TGGAGAGCATCGAACT-1,0.049494411921234695
891,TGGAGAGGTTCAAGTC-1,0.01918545944126557
892,TGGAGGAGTTGTAGCT-1,0.07584269662921346
893,TGGCGTGAGCGCATCC-1,0.042212518195050945
894,TGGCGTGCATCTCAAG-1,0.03903345724907065
895,TGGGAAGCATGAGAAT-1,0.030927835051546393
896,TGGGAGAAGCCATATC-1,0.022588741484403006
897,TGGGAGAGTATCCTCC-1,0.12693498452012378
898,TGGGAGAGTGGCTGCT-1,0.01918545944126557
899,TGGGATTGTTTGAAAG-1,0.06351183063511832
900,TGGGTTAGTTCGGCCA-1,0.1016507384882711
901,TGGTACACACAGAAGC-1,0.07584269662921346
902,TGGTACACAGGCATTT-1,0.020833333333333336
903,TGGTAGTCAAGTTCGT-1,0.26848249027237353
904,TGGTTAGAGTAGTGCG-1,0.07584269662921346
905,TGGTTAGGTCCCTGTT-1,0.1016507384882711
906,TGTAAGCAGCCGGATA-1,0.016175071360608948
907,TGTACAGAGTCCTACA-1,0.12693498452012378
908,TGTAGACAGGTTCCGC-1,0.14350797266514798
909,TGTAGACGTGAGGAAA-1,0.2231404958677686
910,TGTAGACGTGCAGTGA-1,0.06930693069306929
911,TGTCAGATCGTTACCC-1,0.1016507384882711
912,TGTCCACAGTTGCCTA-1,0.042212518195050945
913,TGTCCACGTTCGTTCC-1,0.14350797266514798
914,TGTCCACTCGGTCGAC-1,0.07584269662921346
915,TGTCCTGTCGTGCACG-1,0.08327081770442608
916,TGTGAGTGTATTGACC-1,0.04568527918781725
917,TGTGATGGTACCGGAA-1,0.12693498452012378
918,TGTGCGGAGGTATTGA-1,0.016175071360608948
919,TGTGCGGAGGTGATAT-1,0.01918545944126557
920,TGTGGCGAGGGAGGTG-1,0.1016507384882711
921,TGTGGCGTCGTAACTG-1,0.02446256486286138
922,TGTGTGAAGTGCGTCC-1,0.11320754716981134
923,TGTGTGAAGTGTTGTC-1,0.022588741484403006
924,TGTGTGATCTTACTGT-1,0.01763553233180927
925,TGTTACTAGCTAAACA-1,0.11320754716981134
926,TGTTCATGTCCAGCAC-1,0.09178743961352659
927,TGTTCCGCACGAGGTA-1,0.020833333333333336
928,TGTTCCGTCTGTAACG-1,0.07584269662921346
929,TGTTCTAGTTCATCTT-1,0.1016507384882711
930,TGTTGAGAGTGGATTA-1,0.03903345724907065
931,TGTTGAGGTGGGCTTC-1,0.11320754716981134
932,TGTTTGTTCGCGGACT-1,0.022588741484403006
933,TTACAGGCAGGAACCA-1,0.026467203682393557
934,TTACAGGGTGGAGGTT-1,0.11320754716981134
935,TTACCGCAGGGTATAT-1,0.06351183063511832
936,TTACCGCGTATGTCTG-1,0.05833824395992931
937,TTACCGCGTGTGTACT-1,0.020833333333333336
938,TTACCGCTCATTACGG-1,0.06351183063511832
939,TTACGTTCACAAACGG-1,0.06351183063511832
940,TTACTGTCACGGCACT-1,0.1016507384882711
941,TTAGGGTAGTCACGCC-1,0.12693498452012378
942,TTAGTCTTCGCCGAAC-1,0.07584269662921346
943,TTATTGCAGACGATAT-1,0.07584269662921346
944,TTCAATCGTATGAGCG-1,0.09178743961352659
945,TTCAGGAGTCCAAAGG-1,0.16391359593392632
946,TTCATGTTCTGTGCTC-1,0.11320754716981134
947,TTCATTGAGGGCCAAT-1,0.07584269662921346
948,TTCCGTGGTAGTCGTT-1,0.11320754716981134
949,TTCCTAAAGCGACATG-1,0.033419023136246784
950,TTCCTCTAGTCAACAA-1,0.1016507384882711
951,TTCCTCTCAGGAATCG-1,0.06351183063511832
952,TTCCTCTTCACATCAG-1,0.05833824395992931
953,TTCGCTGAGGAACTCG-1,0.01918545944126557
954,TTCGCTGCAGCTTTGA-1,0.11320754716981134
955,TTCGGTCAGGTCATAA-1,0.09178743961352659
956,TTCGGTCAGTCGGCCT-1,0.022588741484403006
957,TTCGGTCGTTGTAGCT-1,0.11320754716981134
958,TTCTAGTGTACAGGTG-1,0.16391359593392632
959,TTCTGTAAGTTACGAA-1,0.026467203682393557
960,TTCTGTAGTGAATTAG-1,0.020833333333333336
961,TTCTTGAAGGACTTCT-1,0.12693498452012378
962,TTCTTGACAAAGCACG-1,0.18965517241379312
963,TTCTTGATCAACTCTT-1,0.16391359593392632
964,TTGAACGTCACAATGC-1,0.18965517241379312
965,TTGAGTGCACTTCATT-1,0.1016507384882711
966,TTGAGTGGTCAACGCC-1,0.030927835051546393
967,TTGATGGTCCAAGCTA-1,0.08327081770442608
968,TTGCATTGTCGCAACC-1,0.1016507384882711
969,TTGCATTTCGTGCATA-1,0.028616852146263912
970,TTGCCTGCAGATACTC-1,0.12693498452012378
971,TTGCGTCGTTGGGTAG-1,0.036112349531876954
972,TTGGATGCATTGGCAT-1,0.12693498452012378
973,TTGGATGTCCCATAGA-1,0.09178743961352659
974,TTGGGATTCCATAGAC-1,0.18965517241379312
975,TTGGGCGCAATGCAAA-1,0.06930693069306929
976,TTGGGCGCATGACCCG-1,0.07584269662921346
977,TTGGGCGGTATCGTAC-1,0.022588741484403006
978,TTGTGGAAGGCTTTCA-1,0.02446256486286138
979,TTGTGGACAACTCCAA-1,0.01763553233180927
980,TTGTGGATCGCAGTCG-1,0.05833824395992931
981,TTGTGTTCATACATCG-1,0.020833333333333336
982,TTGTTCAGTTAAAGTG-1,0.09178743961352659
983,TTGTTCAGTTCGTACA-1,0.036112349531876954
984,TTGTTGTAGTGGATAT-1,0.020833333333333336
985,TTGTTTGCATCGAGCC-1,0.14350797266514798
986,TTGTTTGGTGGACTAG-1,0.09178743961352659
987,TTGTTTGTCCGTCACT-1,0.07584269662921346
988,TTTACGTGTTGTGGCC-1,0.16391359593392632
989,TTTAGTCAGATCCCAT-1,0.16391359593392632
990,TTTAGTCCACCGTGCA-1,0.04568527918781725
991,TTTAGTCTCTCTGCCA-1,0.028616852146263912
992,TTTCAGTGTCAGGTGA-1,0.036112349531876954
993,TTTCCTCTCATCACTT-1,0.026467203682393557
994,TTTCGATAGGTTCTTG-1,0.036112349531876954
995,TTTCGATCAAGAGTTA-1,0.12693498452012378
996,TTTCGATGTCTACATG-1,0.026467203682393557
997,TTTGACTAGAGAGCGG-1,0.26848249027237353
998,TTTGATCAGTCATTGC-1,0.026467203682393557
999,TTTGGAGGTCCTACGG-1,0.18965517241379312
1000,TTTGTTGGTCCTCATC-1,0.14350797266514798
